{
    "accuracy": 0.7610022486347575,
    "precision": 0.7570281124497992,
    "recall": 0.748015873015873,
    "auc": 0.8478738899960012
}